{
    "hrrr_mae": [
        0.9956616759300232,
        0.966755747795105,
        1.0240247249603271,
        1.1026241779327393,
        1.1976176500320435,
        1.2610187530517578,
        1.2825983762741089,
        1.3063019514083862,
        1.3435189723968506,
        1.4329921007156372,
        1.4140957593917847,
        1.37209951877594,
        1.2716878652572632,
        1.2893909215927124,
        1.4788529872894287,
        1.5649170875549316,
        1.635360836982727,
        1.6391432285308838,
        1.5381553173065186,
        1.5252262353897095,
        1.6601769924163818,
        1.74136483669281,
        1.8982053995132446,
        1.8231163024902344
    ],
    "rcm_mae": [
        0.7777227649295935,
        0.8083473183436104,
        0.8173385207805929,
        0.854633518442539,
        0.9086844806034948,
        0.9719658131355527,
        0.9499800445156207,
        0.9769614705120511,
        1.020101242796988,
        1.081091880622511,
        1.0469328387015007,
        1.0711755568502663,
        0.9623957460965887,
        0.9018298918327166,
        0.8889347494677158,
        0.864942013836933,
        0.8440763239651473,
        0.8431356093826079,
        0.8156627121617617,
        0.8481703797032621,
        0.9763707569112562,
        0.9966125371003345,
        1.1114406562363088,
        1.2164514242725069
    ],
    "leading_hours": [
        13,
        14,
        15,
        16,
        17,
        18,
        19,
        20,
        21,
        22,
        23,
        24,
        25,
        26,
        27,
        28,
        29,
        30,
        31,
        32,
        33,
        34,
        35,
        36
    ]
}