{
    "hrrr_mae": [
        1.2893552780151367,
        1.2848700284957886,
        1.2806923389434814,
        1.238767147064209,
        1.2428711652755737,
        1.2396827936172485,
        1.2760779857635498,
        1.3537908792495728,
        1.4131656885147095,
        1.5581918954849243,
        1.6286981105804443,
        1.7272485494613647,
        1.6581575870513916,
        1.6443618535995483,
        1.7625645399093628,
        1.9220603704452515,
        2.0277867317199707,
        2.1071059703826904,
        2.141510486602783,
        2.201047420501709,
        2.2099990844726562,
        2.195646047592163,
        2.162128210067749,
        2.185117483139038
    ],
    "rcm_mae": [
        1.0493053872032116,
        0.9659611474673716,
        0.9981381357564,
        0.9841400542416034,
        0.9714623413256545,
        0.9689610316934858,
        0.9911123414216199,
        1.0361167809946796,
        1.0611764806074742,
        1.1363277062767543,
        1.2102950956997407,
        1.2451238655942993,
        1.2246456354509538,
        1.0709180328051264,
        1.080306395415551,
        1.1961328780057257,
        1.244633659639389,
        1.2206258722957992,
        1.220323500582014,
        1.2631160130969752,
        1.2427896503334568,
        1.1795890162040317,
        1.166339659748357,
        1.2239797657852505
    ],
    "leading_hours": [
        13,
        14,
        15,
        16,
        17,
        18,
        19,
        20,
        21,
        22,
        23,
        24,
        25,
        26,
        27,
        28,
        29,
        30,
        31,
        32,
        33,
        34,
        35,
        36
    ]
}