{
    "hrrr_mae": [
        1.2952556610107422,
        1.2001105546951294,
        1.1481398344039917,
        1.1445728540420532,
        1.1743500232696533,
        1.1945316791534424,
        1.1965346336364746,
        1.200610876083374,
        1.2099967002868652,
        1.283251404762268,
        1.3066775798797607,
        1.3229955434799194,
        1.184421181678772,
        1.137412667274475,
        1.1261934041976929,
        1.146806001663208,
        1.1462124586105347,
        1.164349913597107,
        1.189913272857666,
        1.2573679685592651,
        1.2947956323623657,
        1.3539222478866577,
        1.4195564985275269,
        1.3843152523040771
    ],
    "rcm_mae": [
        1.1326553917631765,
        1.0472346108628474,
        1.0374460164377322,
        1.0232615691893079,
        1.0861778058657527,
        1.1253900509427788,
        1.0895925570730607,
        1.0969714527861922,
        1.0862706094075212,
        1.1520761219295985,
        1.1552519745963892,
        1.1849859346308034,
        1.1379667956751827,
        1.050062900783738,
        0.9457730209933395,
        0.9510321975847529,
        0.9580665704423686,
        1.0051752346918765,
        1.0396112092562761,
        1.0856476779209863,
        1.1209709092834428,
        1.1846489874215582,
        1.216079616046054,
        1.245886736034918
    ],
    "leading_hours": [
        13,
        14,
        15,
        16,
        17,
        18,
        19,
        20,
        21,
        22,
        23,
        24,
        25,
        26,
        27,
        28,
        29,
        30,
        31,
        32,
        33,
        34,
        35,
        36
    ]
}