{
    "hrrr_mae": [
        1.0574476718902588,
        1.0694646835327148,
        1.0509310960769653,
        1.0989211797714233,
        1.1478331089019775,
        1.2471369504928589,
        1.296720266342163,
        1.3374485969543457,
        1.371912956237793,
        1.4477490186691284,
        1.4330923557281494,
        1.458461046218872,
        1.3391073942184448,
        1.3157801628112793,
        1.444257378578186,
        1.6771643161773682,
        1.8611363172531128,
        2.028484582901001,
        2.1108977794647217,
        2.1562061309814453,
        2.115575075149536,
        2.0878398418426514,
        2.0834569931030273,
        1.983954906463623
    ],
    "rcm_mae": [
        0.8916777429368263,
        0.8731764735735252,
        0.8328705557949436,
        0.8147365455556014,
        0.8689948862837116,
        1.0133773732884146,
        1.0152434124149043,
        0.9824264225865406,
        0.9731063808200741,
        1.0869531226510716,
        1.1334065333242045,
        1.1768276152229515,
        1.0367567924340417,
        0.8779618675864435,
        0.8901012686571512,
        1.0310056339881626,
        1.159869089518748,
        1.288620581765689,
        1.364723166732279,
        1.3793691402254085,
        1.303182396981384,
        1.2806592227897604,
        1.3510560502676843,
        1.3351936257613328
    ],
    "leading_hours": [
        13,
        14,
        15,
        16,
        17,
        18,
        19,
        20,
        21,
        22,
        23,
        24,
        25,
        26,
        27,
        28,
        29,
        30,
        31,
        32,
        33,
        34,
        35,
        36
    ]
}