{
    "hrrr_mae": [
        1.2250988483428955,
        1.2238036394119263,
        1.262130856513977,
        1.3355268239974976,
        1.4162849187850952,
        1.494907259941101,
        1.5305067300796509,
        1.533381700515747,
        1.5504742860794067,
        1.6068980693817139,
        1.6356120109558105,
        1.6130640506744385,
        1.392775058746338,
        1.4027884006500244,
        1.589637279510498,
        1.8193520307540894,
        1.9854168891906738,
        2.084812641143799,
        2.1430134773254395,
        2.1390228271484375,
        2.1137967109680176,
        2.1200203895568848,
        2.145942211151123,
        2.0858333110809326
    ],
    "rcm_mae": [
        0.9500249078633091,
        0.9144867808583854,
        0.9824057761874153,
        1.0383378457778922,
        1.068530049187048,
        1.1078002388919277,
        1.133198835308189,
        1.1355814368508195,
        1.1413615458089272,
        1.18801874907044,
        1.2594103213188752,
        1.1749542086792661,
        1.0222985563035762,
        1.0827228035085383,
        1.1953793134405803,
        1.3286374941225645,
        1.57422519125244,
        1.5960424447966122,
        1.6798681044082182,
        1.751904708407043,
        1.719824359394531,
        1.5207484410457341,
        1.4067866382507106,
        1.4072788973204362
    ],
    "leading_hours": [
        13,
        14,
        15,
        16,
        17,
        18,
        19,
        20,
        21,
        22,
        23,
        24,
        25,
        26,
        27,
        28,
        29,
        30,
        31,
        32,
        33,
        34,
        35,
        36
    ]
}