{
    "hrrr_mae": [
        0.9619888663291931,
        0.9810017347335815,
        0.9988570809364319,
        1.058267593383789,
        1.1375882625579834,
        1.2338155508041382,
        1.264466643333435,
        1.3487138748168945,
        1.4269615411758423,
        1.5661543607711792,
        1.6451642513275146,
        1.6434330940246582,
        1.411381721496582,
        1.2186545133590698,
        1.1411532163619995,
        1.1985576152801514,
        1.300241470336914,
        1.3249753713607788,
        1.31048583984375,
        1.3360469341278076,
        1.305431842803955,
        1.2998369932174683,
        1.3621362447738647,
        1.3788946866989136
    ],
    "rcm_mae": [
        0.9584906311356619,
        0.9769920498557494,
        0.9580943000715861,
        0.8526491732685858,
        0.9262986458458722,
        1.041636816011552,
        1.0782596648842369,
        1.1306284236403463,
        1.2306138876026222,
        1.3922338620447359,
        1.4718472171726609,
        1.436380364938633,
        1.304096256001824,
        1.07513385279672,
        1.0539744371920483,
        1.2244970867476164,
        1.391824668204001,
        1.4295655095029052,
        1.4229928798242923,
        1.4027209585013236,
        1.3726847952657162,
        1.2764910770558502,
        1.213468104113798,
        1.194655660870752
    ],
    "leading_hours": [
        13,
        14,
        15,
        16,
        17,
        18,
        19,
        20,
        21,
        22,
        23,
        24,
        25,
        26,
        27,
        28,
        29,
        30,
        31,
        32,
        33,
        34,
        35,
        36
    ]
}