{
    "hrrr_mae": [
        1.5499637126922607,
        1.4875099658966064,
        1.4018265008926392,
        1.387444257736206,
        1.3797708749771118,
        1.346014142036438,
        1.2937902212142944,
        1.266756534576416,
        1.251763939857483,
        1.3357340097427368,
        1.3000315427780151,
        1.336613416671753,
        1.255427360534668,
        1.3482850790023804,
        1.4995094537734985,
        1.6117801666259766,
        1.6579678058624268,
        1.6689236164093018,
        1.6376972198486328,
        1.602468729019165,
        1.610050082206726,
        1.6784117221832275,
        1.7670583724975586,
        1.8018101453781128
    ],
    "rcm_mae": [
        0.8907731917168685,
        0.9067386275872805,
        0.899661109317926,
        0.9698096071469324,
        1.0290502319026293,
        1.0861875684046107,
        1.1351325126393284,
        1.2347459228382833,
        1.261821129211191,
        1.3234835555739555,
        1.330135927065805,
        1.3625944660382987,
        1.268243977806546,
        1.1511704648844594,
        1.1601749683474867,
        1.222724381762089,
        1.195872864721512,
        1.212278287352429,
        1.211535280247419,
        1.2076237465315462,
        1.2320764464402194,
        1.240865350759756,
        1.2381666687716038,
        1.2870226956097768
    ],
    "leading_hours": [
        13,
        14,
        15,
        16,
        17,
        18,
        19,
        20,
        21,
        22,
        23,
        24,
        25,
        26,
        27,
        28,
        29,
        30,
        31,
        32,
        33,
        34,
        35,
        36
    ]
}