{
    "hrrr_mae": [
        1.443929672241211,
        1.4390254020690918,
        1.4736547470092773,
        1.436802864074707,
        1.3803656101226807,
        1.3363250494003296,
        1.3109006881713867,
        1.2926521301269531,
        1.3297909498214722,
        1.408048391342163,
        1.4049742221832275,
        1.3950344324111938,
        1.3207687139511108,
        1.3808321952819824,
        1.4687578678131104,
        1.5851843357086182,
        1.7121527194976807,
        1.7920786142349243,
        1.8570334911346436,
        1.8929188251495361,
        1.8537275791168213,
        1.7220033407211304,
        1.5139727592468262,
        1.316467046737671
    ],
    "rcm_mae": [
        1.2076396522320587,
        1.2322569553456044,
        1.2382634181862664,
        1.2124444603349749,
        1.1323090727436107,
        1.0933366100678987,
        1.0279161540135027,
        1.0208926291605427,
        1.0467036858383334,
        1.1313453501332098,
        1.1653293654732562,
        1.1748479411788144,
        1.1496383804642911,
        1.2849243056070054,
        1.434564848960944,
        1.5948282030599603,
        1.6949304489098642,
        1.763310759563098,
        1.8184948274913861,
        1.8381527000256837,
        1.7654341439142367,
        1.6110673094617463,
        1.4479806080708868,
        1.3021608796081918
    ],
    "leading_hours": [
        13,
        14,
        15,
        16,
        17,
        18,
        19,
        20,
        21,
        22,
        23,
        24,
        25,
        26,
        27,
        28,
        29,
        30,
        31,
        32,
        33,
        34,
        35,
        36
    ]
}