{
    "hrrr_mae": [
        1.0686744451522827,
        0.9421879649162292,
        0.9036650061607361,
        0.9156824350357056,
        0.9462741613388062,
        1.0002048015594482,
        1.0843327045440674,
        1.1566895246505737,
        1.2277802228927612,
        1.3317067623138428,
        1.402559518814087,
        1.428999900817871,
        1.2387011051177979,
        1.105692982673645,
        1.0355645418167114,
        1.060038685798645,
        1.1072192192077637,
        1.1506552696228027,
        1.2696908712387085,
        1.415106177330017,
        1.5297460556030273,
        1.6042892932891846,
        1.5078492164611816,
        1.4966167211532593
    ],
    "rcm_mae": [
        0.9645827561574234,
        0.9135227901881922,
        0.9518239874535863,
        0.9053236414965379,
        0.9165535492779534,
        0.9759901504507068,
        1.0344129295895481,
        1.0651670508903464,
        1.1208376859382232,
        1.1909176392343013,
        1.186000966515301,
        1.2068230921948078,
        1.0652617014425227,
        1.0092925340263814,
        0.9538169976622758,
        0.9488219988732385,
        0.917393532741778,
        0.9031509013358353,
        0.9326358152155869,
        0.9719906655184528,
        1.0075583848955099,
        1.0538551108586505,
        1.022258461755064,
        1.1883889179619906
    ],
    "leading_hours": [
        13,
        14,
        15,
        16,
        17,
        18,
        19,
        20,
        21,
        22,
        23,
        24,
        25,
        26,
        27,
        28,
        29,
        30,
        31,
        32,
        33,
        34,
        35,
        36
    ]
}