{
    "hrrr_mae": [
        1.1633459329605103,
        1.2378888130187988,
        1.2577872276306152,
        1.3183683156967163,
        1.3524099588394165,
        1.338918924331665,
        1.3317039012908936,
        1.3337337970733643,
        1.3617464303970337,
        1.445281744003296,
        1.4736294746398926,
        1.4975762367248535,
        1.4529659748077393,
        1.1880546808242798,
        1.028984785079956,
        1.0149569511413574,
        1.0307612419128418,
        1.042536973953247,
        1.063451886177063,
        1.0861432552337646,
        1.0917785167694092,
        1.0891313552856445,
        0.999963641166687,
        0.992447555065155
    ],
    "rcm_mae": [
        1.0798103436372362,
        1.0476499248580207,
        1.069507047512431,
        1.0870217735832153,
        1.0695027185942125,
        1.0526445258140793,
        1.041181818605693,
        1.0450868295351312,
        1.0713419872756385,
        1.1290913336580464,
        1.1703623283143993,
        1.1854844746941036,
        1.124896696540553,
        0.9585125963503198,
        0.821823257908582,
        0.7857007380213155,
        0.7511994764289072,
        0.7273216569011328,
        0.7088611877363797,
        0.6786160207041532,
        0.6538840774222515,
        0.6669172184627629,
        0.6843794758149473,
        0.7852656487829759
    ],
    "leading_hours": [
        13,
        14,
        15,
        16,
        17,
        18,
        19,
        20,
        21,
        22,
        23,
        24,
        25,
        26,
        27,
        28,
        29,
        30,
        31,
        32,
        33,
        34,
        35,
        36
    ]
}