{
    "hrrr_mae": [
        1.3573511838912964,
        1.380024790763855,
        1.3659536838531494,
        1.3854498863220215,
        1.4322129487991333,
        1.4986274242401123,
        1.5481065511703491,
        1.5854568481445312,
        1.6252418756484985,
        1.6975573301315308,
        1.72081458568573,
        1.725763201713562,
        1.6593495607376099,
        1.7522366046905518,
        1.9164327383041382,
        2.0556254386901855,
        2.1163077354431152,
        2.1295831203460693,
        2.04483699798584,
        1.9847631454467773,
        1.8888083696365356,
        1.8440659046173096,
        1.8177276849746704,
        1.9445552825927734
    ],
    "rcm_mae": [
        0.8464768435259803,
        0.8990662070695729,
        0.8436010358253121,
        0.8851542921250298,
        0.9228718209742677,
        0.9806084868157449,
        1.0204340090698691,
        1.0695298564910272,
        1.0895586067973324,
        1.2390526300873401,
        1.202307366300156,
        1.2077489899335314,
        1.175218034575905,
        1.1809796953203142,
        1.2218633068273488,
        1.2462648519213768,
        1.271844740631049,
        1.2957576174954322,
        1.2312847274180065,
        1.1910785228553944,
        1.1636940295022196,
        1.1270343680399386,
        1.0606138898992021,
        1.109856818852434
    ],
    "leading_hours": [
        13,
        14,
        15,
        16,
        17,
        18,
        19,
        20,
        21,
        22,
        23,
        24,
        25,
        26,
        27,
        28,
        29,
        30,
        31,
        32,
        33,
        34,
        35,
        36
    ]
}