{
    "hrrr_mae": [
        1.040347695350647,
        0.9862252473831177,
        1.0014129877090454,
        1.0672352313995361,
        1.1125339269638062,
        1.1591674089431763,
        1.203410267829895,
        1.253379225730896,
        1.3013561964035034,
        1.385266900062561,
        1.4514896869659424,
        1.4527617692947388,
        1.322108268737793,
        1.1927493810653687,
        1.1395756006240845,
        1.188773512840271,
        1.2862764596939087,
        1.3053661584854126,
        1.3301544189453125,
        1.3393137454986572,
        1.3605759143829346,
        1.3786635398864746,
        1.376515507698059,
        1.3882883787155151
    ],
    "rcm_mae": [
        1.045249046121387,
        1.0368221246642129,
        1.0377917323552805,
        1.0713934550857391,
        1.064586724512076,
        1.1123225145426046,
        1.0925021975357494,
        1.1156608983168987,
        1.1608032208454289,
        1.2069221770692415,
        1.2002970711280239,
        1.2901015276638619,
        1.1179184196709633,
        1.065126890731363,
        1.0829735218811092,
        1.1373578295212579,
        1.1452602713910152,
        1.1582748474181268,
        1.1883759913612644,
        1.2027205598603807,
        1.24742038462507,
        1.2982122230917865,
        1.2775134482976367,
        1.2767178668618733
    ],
    "leading_hours": [
        13,
        14,
        15,
        16,
        17,
        18,
        19,
        20,
        21,
        22,
        23,
        24,
        25,
        26,
        27,
        28,
        29,
        30,
        31,
        32,
        33,
        34,
        35,
        36
    ]
}