{
    "hrrr_mae": [
        1.1446462869644165,
        1.1508582830429077,
        1.1366583108901978,
        1.1146478652954102,
        1.1169161796569824,
        1.0995142459869385,
        1.0820449590682983,
        1.089955449104309,
        1.0946333408355713,
        1.0829265117645264,
        1.1047642230987549,
        1.071437120437622,
        0.9568689465522766,
        0.9807174801826477,
        1.0580238103866577,
        1.15924072265625,
        1.2158688306808472,
        1.2530103921890259,
        1.325559139251709,
        1.3689485788345337,
        1.3628474473953247,
        1.3685890436172485,
        1.3605455160140991,
        1.3857142925262451
    ],
    "rcm_mae": [
        0.878605198988259,
        0.8474399850715701,
        0.8306913379877787,
        0.8159978296054661,
        0.8098826157909172,
        0.8146383724459682,
        0.7924471824600047,
        0.8211824938585519,
        0.8413161714382119,
        0.861357993769306,
        0.935458527806632,
        0.9007776988394622,
        0.8422656601906524,
        0.8797609711944758,
        0.9594498610134309,
        1.010794822934447,
        1.1441414811947381,
        1.163611203412547,
        1.1976467504165649,
        1.245557796401217,
        1.3009625064651709,
        1.3701984992831777,
        1.4178301441879382,
        1.4047702580251522
    ],
    "leading_hours": [
        13,
        14,
        15,
        16,
        17,
        18,
        19,
        20,
        21,
        22,
        23,
        24,
        25,
        26,
        27,
        28,
        29,
        30,
        31,
        32,
        33,
        34,
        35,
        36
    ]
}