{
    "hrrr_mae": [
        1.0127613544464111,
        0.9626317024230957,
        0.9580487608909607,
        1.0129647254943848,
        1.003061056137085,
        1.0230169296264648,
        1.1481924057006836,
        1.2136040925979614,
        1.2612534761428833,
        1.3556042909622192,
        1.3679745197296143,
        1.3394930362701416,
        1.3142036199569702,
        1.425782561302185,
        1.5313546657562256,
        1.5851939916610718,
        1.5652449131011963,
        1.527876377105713,
        1.4382264614105225,
        1.3867191076278687,
        1.3483062982559204,
        1.3122516870498657,
        1.3394397497177124,
        1.35023832321167
    ],
    "rcm_mae": [
        0.7471564337789687,
        0.7805725811285381,
        0.7783715308210089,
        0.7900304623615898,
        0.7843551146224034,
        0.8101536792019486,
        0.8510076415266268,
        0.8931318848419212,
        0.9653609113656123,
        1.0173050582828231,
        1.0528647524761865,
        1.0829392420886164,
        1.133520990440009,
        1.2581720767590816,
        1.280440133395418,
        1.2249491841209965,
        1.1640749831617383,
        1.1063881281555121,
        1.0937645523373758,
        1.0706389824134026,
        1.052362637503601,
        1.024426621537145,
        0.9578941735664197,
        0.9837640179830558
    ],
    "leading_hours": [
        13,
        14,
        15,
        16,
        17,
        18,
        19,
        20,
        21,
        22,
        23,
        24,
        25,
        26,
        27,
        28,
        29,
        30,
        31,
        32,
        33,
        34,
        35,
        36
    ]
}