{
    "hrrr_mae": [
        1.1953850984573364,
        1.1555328369140625,
        1.169285535812378,
        1.142703652381897,
        1.138554573059082,
        1.1391749382019043,
        1.1399950981140137,
        1.178550124168396,
        1.178239107131958,
        1.225589632987976,
        1.2618135213851929,
        1.20724618434906,
        1.128056287765503,
        1.1979095935821533,
        1.3834667205810547,
        1.5830316543579102,
        1.7607176303863525,
        1.9065734148025513,
        2.0064384937286377,
        2.0489161014556885,
        2.123471736907959,
        2.2018656730651855,
        2.225475311279297,
        1.893155813217163
    ],
    "rcm_mae": [
        0.8987640256459076,
        0.921778396190198,
        0.9684088648403247,
        0.88276080333345,
        0.8983533338712723,
        0.867533444411358,
        0.8577501284821942,
        0.8750891341763429,
        0.8610934236018892,
        0.9061483948212844,
        0.9952912057742823,
        0.9596528288701056,
        0.9385991852666813,
        0.977742477168365,
        1.0690791998020517,
        1.1584102606435023,
        1.2504069266154731,
        1.3344506657627515,
        1.4605256723034303,
        1.4929729415467428,
        1.4929457514631153,
        1.5177258990302394,
        1.4117062483809777,
        1.2767030837063655
    ],
    "leading_hours": [
        13,
        14,
        15,
        16,
        17,
        18,
        19,
        20,
        21,
        22,
        23,
        24,
        25,
        26,
        27,
        28,
        29,
        30,
        31,
        32,
        33,
        34,
        35,
        36
    ]
}