{
    "hrrr_mae": [
        1.040347695350647,
        0.9862252473831177,
        1.0014129877090454,
        1.0672352313995361,
        1.1125339269638062,
        1.1591674089431763,
        1.203410267829895,
        1.253379225730896
    ],
    "rcm_mae": [
        1.045249046121387,
        1.0368221246642129,
        1.0377917323552805,
        1.0713934550857391,
        1.064586724512076,
        1.1123225145426046,
        1.0925021975357494,
        1.1156608983168987
    ],
    "leading_hours": [
        13,
        14,
        15,
        16,
        17,
        18,
        19,
        20
    ]
}