{
    "hrrr_mae": [
        1.0041325092315674,
        1.0145577192306519,
        1.012542486190796,
        0.9985820651054382,
        0.9819782376289368,
        0.958901584148407,
        0.926679790019989,
        0.9322059154510498,
        0.9474548697471619,
        1.0342836380004883,
        1.1030762195587158,
        1.1130601167678833,
        1.0997707843780518,
        1.0252914428710938,
        1.0102295875549316,
        1.0272395610809326,
        1.0303049087524414,
        1.071670651435852,
        1.091731071472168,
        1.1187036037445068,
        1.1372814178466797,
        1.2034165859222412,
        1.2451905012130737,
        1.3305028676986694
    ],
    "rcm_mae": [
        1.0458839338368553,
        1.0832463481481136,
        1.1042251749119847,
        1.0743467856842714,
        1.0486042236672886,
        1.0444622110229933,
        1.157601975448898,
        1.0680896752090965,
        1.100971536103701,
        1.1915889023523094,
        1.2826663445061626,
        1.3098557845123056,
        1.3557437382307729,
        1.3196790109373897,
        1.2404345627531106,
        1.264795263783434,
        1.3605608286903466,
        1.250696943789145,
        1.2317596400506066,
        1.2688195923053707,
        1.0440680742732438,
        0.978292140261183,
        0.9827762014997571,
        0.9176563765680774
    ],
    "leading_hours": [
        13,
        14,
        15,
        16,
        17,
        18,
        19,
        20,
        21,
        22,
        23,
        24,
        25,
        26,
        27,
        28,
        29,
        30,
        31,
        32,
        33,
        34,
        35,
        36
    ]
}