{
    "hrrr_mae": [
        1.176889419555664,
        1.3068753480911255,
        1.3997242450714111,
        1.5007543563842773,
        1.5771846771240234,
        1.6442314386367798,
        1.7056225538253784,
        1.7710574865341187,
        1.805459976196289,
        1.8400901556015015,
        1.8538002967834473,
        1.8508864641189575,
        1.547716736793518,
        1.1610668897628784,
        0.9932673573493958,
        1.0251778364181519,
        1.1287726163864136,
        1.2344424724578857,
        1.31538987159729,
        1.4087767601013184,
        1.468416690826416,
        1.4445185661315918,
        1.4109234809875488,
        1.4259480237960815
    ],
    "rcm_mae": [
        1.1299264219014886,
        1.2201176493432626,
        1.2893232964574717,
        1.3660378069480525,
        1.415861182005329,
        1.4735130489378658,
        1.499485000159959,
        1.5604339548168409,
        1.56266351423994,
        1.5866346122172215,
        1.6025331476371756,
        1.5694067715896145,
        1.374621657480694,
        1.1703530710461345,
        1.0501886668308065,
        1.035751089467701,
        1.086186068316862,
        1.153193346928165,
        1.254907357892349,
        1.3189058423282611,
        1.4815635335876807,
        1.36296294863438,
        1.3820988695180405,
        1.3311276692833365
    ],
    "leading_hours": [
        13,
        14,
        15,
        16,
        17,
        18,
        19,
        20,
        21,
        22,
        23,
        24,
        25,
        26,
        27,
        28,
        29,
        30,
        31,
        32,
        33,
        34,
        35,
        36
    ]
}