{
    "hrrr_mae": [
        0.9890977144241333,
        0.9786483645439148,
        1.0205527544021606,
        1.0367634296417236,
        1.0653170347213745,
        1.1158688068389893,
        1.143137812614441,
        1.1528904438018799,
        1.183872938156128,
        1.2211320400238037,
        1.2609457969665527,
        1.2100436687469482,
        1.043974757194519,
        0.9629867672920227,
        1.0362194776535034,
        1.179551124572754,
        1.2468146085739136,
        1.2700793743133545,
        1.2684139013290405,
        1.3007179498672485,
        1.3158879280090332,
        1.3498269319534302,
        1.3791985511779785,
        1.5026047229766846
    ],
    "rcm_mae": [
        0.9995241755158462,
        0.956301240330907,
        0.9920967759548243,
        0.9492654448594142,
        0.9718104859151371,
        0.9883434644067227,
        0.979059672893451,
        0.9600840569725875,
        0.9402438109703893,
        0.9725151593741148,
        1.0065047042088564,
        0.9864833343809825,
        0.8874994947320605,
        0.9137981256010523,
        1.0340197552642951,
        1.1338963914021254,
        1.2613553174987557,
        1.2516944259618308,
        1.2856025441034469,
        1.285039308634556,
        1.287888886147917,
        1.3204462469855545,
        1.2564094488186557,
        1.2822359439789006
    ],
    "leading_hours": [
        13,
        14,
        15,
        16,
        17,
        18,
        19,
        20,
        21,
        22,
        23,
        24,
        25,
        26,
        27,
        28,
        29,
        30,
        31,
        32,
        33,
        34,
        35,
        36
    ]
}