{
    "hrrr_mae": [
        1.0302826166152954,
        0.9948650598526001,
        0.9368814826011658,
        0.8665160536766052,
        0.811504065990448,
        0.8056137561798096,
        0.8339152932167053,
        0.8577914834022522,
        0.866638720035553,
        0.9306137561798096,
        0.964789092540741,
        1.0135257244110107,
        0.9988374710083008,
        1.0989925861358643,
        1.2263059616088867,
        1.344780445098877,
        1.5146501064300537,
        1.6064313650131226,
        1.6824541091918945,
        1.6939719915390015,
        1.6222541332244873,
        1.5989580154418945,
        1.5193088054656982,
        1.3905789852142334
    ],
    "rcm_mae": [
        1.0472560297010522,
        1.0451180888141303,
        0.9540159813688933,
        0.8940433134967588,
        0.9076091702327478,
        0.9112907250427532,
        0.8841540689594098,
        0.8979734098958005,
        0.9106462270768596,
        0.9700019440952223,
        0.9618140492874198,
        1.0792654834149689,
        1.0510457577866363,
        1.1288595113443047,
        1.2346069106689272,
        1.2931369661677952,
        1.3927968848970969,
        1.4698470941130883,
        1.5845154733264362,
        1.5649463424062504,
        1.4883583534031033,
        1.4564002993590475,
        1.3334909955977634,
        1.2739351327165032
    ],
    "leading_hours": [
        13,
        14,
        15,
        16,
        17,
        18,
        19,
        20,
        21,
        22,
        23,
        24,
        25,
        26,
        27,
        28,
        29,
        30,
        31,
        32,
        33,
        34,
        35,
        36
    ]
}